source_name,feed_url,site_domain,language,region_scope,permission_status,terms_url,notes
"Amar Ujala-Amethi","https://www.amarujala.com/rss/amethi.xml","www.amarujala.com","Hindi","District","RESTRICTED","https://www.amarujala.com/terms-and-conditions","Bars automated collection and AI use"
"Amar Ujala-Unnao","https://www.amarujala.com/rss/unnao.xml","www.amarujala.com","Hindi","District","RESTRICTED","https://www.amarujala.com/terms-and-conditions","Bars automated collection and AI use"
"Amar Ujala-Kaushambi","https://www.amarujala.com/rss/kaushambi.xml","www.amarujala.com","Hindi","District","RESTRICTED","https://www.amarujala.com/terms-and-conditions","Bars automated collection and AI use"
"Amar Ujala-Ambedkar Nagar","https://www.amarujala.com/rss/ambedkar-nagar.xml","www.amarujala.com","Hindi","District","RESTRICTED","https://www.amarujala.com/terms-and-conditions","Bars automated collection and AI use"
"Amar Ujala-Amroha","https://www.amarujala.com/rss/amroha.xml","www.amarujala.com","Hindi","District","RESTRICTED","https://www.amarujala.com/terms-and-conditions","Bars automated collection and AI use"
"Amar Ujala-Jalaun","https://www.amarujala.com/rss/jalaun.xml","www.amarujala.com","Hindi","District","RESTRICTED","https://www.amarujala.com/terms-and-conditions","Bars automated collection and AI use"
"Amar Ujala-Chitrakoot","https://www.amarujala.com/rss/chitrakoot.xml","www.amarujala.com","Hindi","District","RESTRICTED","https://www.amarujala.com/terms-and-conditions","Bars automated collection and AI use"
"Amar Ujala-Ghatampur","https://www.amarujala.com/rss/ghatampur.xml","www.amarujala.com","Hindi","District","RESTRICTED","https://www.amarujala.com/terms-and-conditions","Bars automated collection and AI use"
"Amar Ujala-Aligarh","https://www.amarujala.com/rss/aligarh.xml","www.amarujala.com","Hindi","District","RESTRICTED","https://www.amarujala.com/terms-and-conditions","Bars automated collection and AI use"
"Amar Ujala-Agra","https://www.amarujala.com/rss/agra.xml","www.amarujala.com","Hindi","District","RESTRICTED","https://www.amarujala.com/terms-and-conditions","Bars automated collection and AI use"
"Amar Ujala-Azamgarh","https://www.amarujala.com/rss/azamgarh.xml","www.amarujala.com","Hindi","District","RESTRICTED","https://www.amarujala.com/terms-and-conditions","Bars automated collection and AI use"
"Amar Ujala-Kannauj","https://www.amarujala.com/rss/kannauj.xml","www.amarujala.com","Hindi","District","RESTRICTED","https://www.amarujala.com/terms-and-conditions","Bars automated collection and AI use"
"Amar Ujala-Auraiya","https://www.amarujala.com/rss/auraiya.xml","www.amarujala.com","Hindi","District","RESTRICTED","https://www.amarujala.com/terms-and-conditions","Bars automated collection and AI use"
"Amar Ujala-Etawah","https://www.amarujala.com/rss/etawah.xml","www.amarujala.com","Hindi","District","RESTRICTED","https://www.amarujala.com/terms-and-conditions","Bars automated collection and AI use"
"Amar Ujala-Etah","https://www.amarujala.com/rss/etah.xml","www.amarujala.com","Hindi","District","RESTRICTED","https://www.amarujala.com/terms-and-conditions","Bars automated collection and AI use"
"Amar Ujala - Uttar Pradesh","https://www.amarujala.com/rss/uttar-pradesh.xml","www.amarujala.com","Hindi","State","RESTRICTED","https://www.amarujala.com/terms-and-conditions","Bars automated collection and AI use"
"Amar Ujala-Kanpur","https://www.amarujala.com/rss/kanpur.xml","www.amarujala.com","Hindi","District","RESTRICTED","https://www.amarujala.com/terms-and-conditions","Bars automated collection and AI use"
"Amar Ujala-Gonda","https://www.amarujala.com/rss/gonda.xml","www.amarujala.com","Hindi","District","RESTRICTED","https://www.amarujala.com/terms-and-conditions","Bars automated collection and AI use"
"Amar Ujala-Chandauli","https://www.amarujala.com/rss/chandauli.xml","www.amarujala.com","Hindi","District","RESTRICTED","https://www.amarujala.com/terms-and-conditions","Bars automated collection and AI use"
"Amar Ujala-Ghazipur","https://www.amarujala.com/rss/ghazipur.xml","www.amarujala.com","Hindi","District","RESTRICTED","https://www.amarujala.com/terms-and-conditions","Bars automated collection and AI use"
"Amar Ujala-Lucknow","https://www.amarujala.com/rss/lucknow.xml","www.amarujala.com","Hindi","District","RESTRICTED","https://www.amarujala.com/terms-and-conditions","Bars automated collection and AI use"
"Amar Ujala-Jaunpur","https://www.amarujala.com/rss/jaunpur.xml","www.amarujala.com","Hindi","District","RESTRICTED","https://www.amarujala.com/terms-and-conditions","Bars automated collection and AI use"
"Amar Ujala- Gorakhpur","https://www.amarujala.com/rss/gorakhpur.xml","www.amarujala.com","Hindi","District","RESTRICTED","https://www.amarujala.com/terms-and-conditions","Bars automated collection and AI use"
"Amar Ujala-Kushinagar","https://www.amarujala.com/rss/kushinagar.xml","www.amarujala.com","Hindi","District","RESTRICTED","https://www.amarujala.com/terms-and-conditions","Bars automated collection and AI use"
"Amar Ujala-Faizabad","https://www.amarujala.com/rss/faizabad.xml","www.amarujala.com","Hindi","District","RESTRICTED","https://www.amarujala.com/terms-and-conditions","Feed unreachable/invalid. Bars automated collection and AI use"
"Amar Ujala-Barabanki","https://www.amarujala.com/rss/barabanki.xml","www.amarujala.com","Hindi","District","RESTRICTED","https://www.amarujala.com/terms-and-conditions","Bars automated collection and AI use"
"Amar Ujala-Bhadohi","https://www.amarujala.com/rss/bhadohi.xml","www.amarujala.com","Hindi","District","RESTRICTED","https://www.amarujala.com/terms-and-conditions","Bars automated collection and AI use"
"Amar Ujala-Baghpat","https://www.amarujala.com/rss/baghpat.xml","www.amarujala.com","Hindi","District","RESTRICTED","https://www.amarujala.com/terms-and-conditions","Bars automated collection and AI use"
"Amar Ujala-Mau","https://www.amarujala.com/rss/mau.xml","www.amarujala.com","Hindi","District","RESTRICTED","https://www.amarujala.com/terms-and-conditions","Bars automated collection and AI use"
"Amar Ujala-Basti","https://www.amarujala.com/rss/basti.xml","www.amarujala.com","Hindi","District","RESTRICTED","https://www.amarujala.com/terms-and-conditions","Bars automated collection and AI use"
"Amar Ujala-Jhansi","https://www.amarujala.com/rss/jhansi.xml","www.amarujala.com","Hindi","District","RESTRICTED","https://www.amarujala.com/terms-and-conditions","Bars automated collection and AI use"
"Amar Ujala-Deoria","https://www.amarujala.com/rss/deoria.xml","www.amarujala.com","Hindi","District","RESTRICTED","https://www.amarujala.com/terms-and-conditions","Bars automated collection and AI use"
"Amar Ujala-Maharajganj","https://www.amarujala.com/rss/maharajganj.xml","www.amarujala.com","Hindi","District","RESTRICTED","https://www.amarujala.com/terms-and-conditions","Bars automated collection and AI use"
"Amar Ujala-Bulandshahr","https://www.amarujala.com/rss/bulandshahr.xml","www.amarujala.com","Hindi","District","RESTRICTED","https://www.amarujala.com/terms-and-conditions","Bars automated collection and AI use"
"Amar Ujala-Pilibhit","https://www.amarujala.com/rss/pilibhit.xml","www.amarujala.com","Hindi","District","RESTRICTED","https://www.amarujala.com/terms-and-conditions","Bars automated collection and AI use"
"Amar Ujala-Bijnor","https://www.amarujala.com/rss/bijnor.xml","www.amarujala.com","Hindi","District","RESTRICTED","https://www.amarujala.com/terms-and-conditions","Bars automated collection and AI use"
"Amar Ujala-Mathura","https://www.amarujala.com/rss/mathura.xml","www.amarujala.com","Hindi","District","RESTRICTED","https://www.amarujala.com/terms-and-conditions","Bars automated collection and AI use"
"Amar Ujala-Bareilly","https://www.amarujala.com/rss/bareilly.xml","www.amarujala.com","Hindi","District","RESTRICTED","https://www.amarujala.com/terms-and-conditions","Bars automated collection and AI use"
"Amar Ujala-Bahraich","https://www.amarujala.com/rss/bahraich.xml","www.amarujala.com","Hindi","District","RESTRICTED","https://www.amarujala.com/terms-and-conditions","Bars automated collection and AI use"
"Amar Ujala-Pratapgarh","https://www.amarujala.com/rss/pratapgarh.xml","www.amarujala.com","Hindi","District","RESTRICTED","https://www.amarujala.com/terms-and-conditions","Bars automated collection and AI use"
"Amar Ujala-Budaun","https://www.amarujala.com/rss/budaun.xml","www.amarujala.com","Hindi","District","RESTRICTED","https://www.amarujala.com/terms-and-conditions","Bars automated collection and AI use"
"Amar Ujala-Allahabad","https://www.amarujala.com/rss/allahabad.xml","www.amarujala.com","Hindi","District","RESTRICTED","https://www.amarujala.com/terms-and-conditions","Bars automated collection and AI use"
"Amar Ujala-Ballia","https://www.amarujala.com/rss/ballia.xml","www.amarujala.com","Hindi","District","RESTRICTED","https://www.amarujala.com/terms-and-conditions","Bars automated collection and AI use"
"Amar Ujala-Firozabad","https://www.amarujala.com/rss/firozabad.xml","www.amarujala.com","Hindi","District","RESTRICTED","https://www.amarujala.com/terms-and-conditions","Bars automated collection and AI use"
"Amar Ujala-Banda","https://www.amarujala.com/rss/banda.xml","www.amarujala.com","Hindi","District","RESTRICTED","https://www.amarujala.com/terms-and-conditions","Bars automated collection and AI use"
"Amar Ujala-Farrukhabad","https://www.amarujala.com/rss/farrukhabad.xml","www.amarujala.com","Hindi","District","RESTRICTED","https://www.amarujala.com/terms-and-conditions","Bars automated collection and AI use"
"Amar Ujala-Fatehpur","https://www.amarujala.com/rss/fatehpur.xml","www.amarujala.com","Hindi","District","RESTRICTED","https://www.amarujala.com/terms-and-conditions","Bars automated collection and AI use"
"Amar Ujala-Balrampur","https://www.amarujala.com/rss/balrampur.xml","www.amarujala.com","Hindi","District","RESTRICTED","https://www.amarujala.com/terms-and-conditions","Bars automated collection and AI use"
"Amar Ujala-Mahoba","https://www.amarujala.com/rss/mahoba.xml","www.amarujala.com","Hindi","District","RESTRICTED","https://www.amarujala.com/terms-and-conditions","Bars automated collection and AI use"
"Amar Ujala-Mirzapur","https://www.amarujala.com/rss/mirzapur.xml","www.amarujala.com","Hindi","District","RESTRICTED","https://www.amarujala.com/terms-and-conditions","Bars automated collection and AI use"
"Amar Ujala-Raebareli","https://www.amarujala.com/rss/raebareli.xml","www.amarujala.com","Hindi","District","RESTRICTED","https://www.amarujala.com/terms-and-conditions","Bars automated collection and AI use"
"Amar Ujala-Moradabad","https://www.amarujala.com/rss/moradabad.xml","www.amarujala.com","Hindi","District","RESTRICTED","https://www.amarujala.com/terms-and-conditions","Bars automated collection and AI use"
"Amar Ujala-Meerut","https://www.amarujala.com/rss/meerut.xml","www.amarujala.com","Hindi","District","RESTRICTED","https://www.amarujala.com/terms-and-conditions","Bars automated collection and AI use"
"Amar Ujala-Varanasi","https://www.amarujala.com/rss/varanasi.xml","www.amarujala.com","Hindi","District","RESTRICTED","https://www.amarujala.com/terms-and-conditions","Bars automated collection and AI use"
"Amar Ujala-Muzaffarnagar","https://www.amarujala.com/rss/muzaffarnagar.xml","www.amarujala.com","Hindi","District","RESTRICTED","https://www.amarujala.com/terms-and-conditions","Bars automated collection and AI use"
"Amar Ujala-Lakhimpur Kheri","https://www.amarujala.com/rss/lakhimpur-kheri.xml","www.amarujala.com","Hindi","District","RESTRICTED","https://www.amarujala.com/terms-and-conditions","Bars automated collection and AI use"
"Amar Ujala-Lalitpur","https://www.amarujala.com/rss/lalitpur.xml","www.amarujala.com","Hindi","District","RESTRICTED","https://www.amarujala.com/terms-and-conditions","Bars automated collection and AI use"
"Amar Ujala-Mainpuri","https://www.amarujala.com/rss/mainpuri.xml","www.amarujala.com","Hindi","District","RESTRICTED","https://www.amarujala.com/terms-and-conditions","Bars automated collection and AI use"
"Amar Ujala-Shamli","https://www.amarujala.com/rss/shamli.xml","www.amarujala.com","Hindi","District","RESTRICTED","https://www.amarujala.com/terms-and-conditions","Bars automated collection and AI use"
"Amar Ujala-Rampur","https://www.amarujala.com/rss/rampur.xml","www.amarujala.com","Hindi","District","RESTRICTED","https://www.amarujala.com/terms-and-conditions","Bars automated collection and AI use"
"Amar Ujala-Shravasti","https://www.amarujala.com/rss/shravasti.xml","www.amarujala.com","Hindi","District","RESTRICTED","https://www.amarujala.com/terms-and-conditions","Bars automated collection and AI use"
"Amar Ujala- Ghaziabad","https://www.amarujala.com/rss/ghaziabad.xml","www.amarujala.com","Hindi","District","RESTRICTED","https://www.amarujala.com/terms-and-conditions","Bars automated collection and AI use"
"Amar Ujala-Sambhal","https://www.amarujala.com/rss/sambhal.xml","www.amarujala.com","Hindi","District","RESTRICTED","https://www.amarujala.com/terms-and-conditions","Bars automated collection and AI use"
"Amar Ujala-Sant Kabir Nagar","https://www.amarujala.com/rss/sant-kabir-nagar.xml","www.amarujala.com","Hindi","District","RESTRICTED","https://www.amarujala.com/terms-and-conditions","Bars automated collection and AI use"
"Amar Ujala-Sitapur","https://www.amarujala.com/rss/sitapur.xml","www.amarujala.com","Hindi","District","RESTRICTED","https://www.amarujala.com/terms-and-conditions","Bars automated collection and AI use"
"Amar Ujala-Shahjahanpur","https://www.amarujala.com/rss/shahjahanpur.xml","www.amarujala.com","Hindi","District","RESTRICTED","https://www.amarujala.com/terms-and-conditions","Bars automated collection and AI use"
"Amar Ujala-Siddharthnagar","https://www.amarujala.com/rss/siddharthnagar.xml","www.amarujala.com","Hindi","District","RESTRICTED","https://www.amarujala.com/terms-and-conditions","Bars automated collection and AI use"
"Amar Ujala-Hathras","https://www.amarujala.com/rss/hathras.xml","www.amarujala.com","Hindi","District","RESTRICTED","https://www.amarujala.com/terms-and-conditions","Bars automated collection and AI use"
"Amar Ujala-Sultanpur","https://www.amarujala.com/rss/sultanpur.xml","www.amarujala.com","Hindi","District","RESTRICTED","https://www.amarujala.com/terms-and-conditions","Bars automated collection and AI use"
"Amar Ujala-Saharanpur","https://www.amarujala.com/rss/saharanpur.xml","www.amarujala.com","Hindi","District","RESTRICTED","https://www.amarujala.com/terms-and-conditions","Bars automated collection and AI use"
"Amar Ujala-Sonebhadra","https://www.amarujala.com/rss/sonebhadra.xml","www.amarujala.com","Hindi","District","RESTRICTED","https://www.amarujala.com/terms-and-conditions","Bars automated collection and AI use"
"Amar Ujala-Hamirpur","https://www.amarujala.com/rss/hamirpur.xml","www.amarujala.com","Hindi","District","RESTRICTED","https://www.amarujala.com/terms-and-conditions","Bars automated collection and AI use"
"Amar Ujala-Hardoi","https://www.amarujala.com/rss/hardoi.xml","www.amarujala.com","Hindi","District","RESTRICTED","https://www.amarujala.com/terms-and-conditions","Bars automated collection and AI use"
"Live Hindustan","https://feed.livehindustan.com/rss/5026","feed.livehindustan.com","Hindi","State","RESTRICTED","https://livehindustan.com/terms-of-use","Bars automated collection"
"Hindustan-Lucknow","https://feed.livehindustan.com/rss/5028","feed.livehindustan.com","Hindi","District","RESTRICTED","https://livehindustan.com/terms-of-use","Bars automated collection"
"Hindustan-Moradabad","https://feed.livehindustan.com/rss/5036","feed.livehindustan.com","Hindi","District","RESTRICTED","https://livehindustan.com/terms-of-use","Bars automated collection"
"Hindustan-Bareilly","https://feed.livehindustan.com/rss/5032","feed.livehindustan.com","Hindi","District","RESTRICTED","https://livehindustan.com/terms-of-use","Bars automated collection"
"Hindustan-Maharajganj","https://feed.livehindustan.com/rss/5048","feed.livehindustan.com","Hindi","District","RESTRICTED","https://livehindustan.com/terms-of-use","Bars automated collection"
"Hindustan-Azamgarh","https://feed.livehindustan.com/rss/5037","feed.livehindustan.com","Hindi","District","RESTRICTED","https://livehindustan.com/terms-of-use","Bars automated collection"
"Hindustan-Ballia","https://feed.livehindustan.com/rss/5038","feed.livehindustan.com","Hindi","District","RESTRICTED","https://livehindustan.com/terms-of-use","Bars automated collection"
"Hindustan-Sonbhadra","https://feed.livehindustan.com/rss/5045","feed.livehindustan.com","Hindi","District","RESTRICTED","https://livehindustan.com/terms-of-use","Bars automated collection"
"Hindustan-Mau","https://feed.livehindustan.com/rss/5043","feed.livehindustan.com","Hindi","District","RESTRICTED","https://livehindustan.com/terms-of-use","Bars automated collection"
"Hindustan-Chandauli","https://feed.livehindustan.com/rss/5040","feed.livehindustan.com","Hindi","District","RESTRICTED","https://livehindustan.com/terms-of-use","Bars automated collection"
"Hindustan-Barabanki","https://feed.livehindustan.com/rss/1348440","feed.livehindustan.com","Hindi","District","RESTRICTED","https://livehindustan.com/terms-of-use","Bars automated collection"
"Hindustan-Varanasi","https://feed.livehindustan.com/rss/5029","feed.livehindustan.com","Hindi","District","RESTRICTED","https://livehindustan.com/terms-of-use","Bars automated collection"
"Hindustan-Basti","https://feed.livehindustan.com/rss/5046","feed.livehindustan.com","Hindi","District","RESTRICTED","https://livehindustan.com/terms-of-use","Bars automated collection"
"Hindustan-Ghazipur","https://feed.livehindustan.com/rss/5041","feed.livehindustan.com","Hindi","District","RESTRICTED","https://livehindustan.com/terms-of-use","Bars automated collection"
"Hindustan-Meerut","https://feed.livehindustan.com/rss/5031","feed.livehindustan.com","Hindi","District","RESTRICTED","https://livehindustan.com/terms-of-use","Bars automated collection"
"Hindustan-Kushinagar","https://feed.livehindustan.com/rss/1237903","feed.livehindustan.com","Hindi","District","RESTRICTED","https://livehindustan.com/terms-of-use","Bars automated collection"
"Hindustan-Bhadohi","https://feed.livehindustan.com/rss/5039","feed.livehindustan.com","Hindi","District","RESTRICTED","https://livehindustan.com/terms-of-use","Bars automated collection"
"Hindustan-Gorakhpur","https://feed.livehindustan.com/rss/5030","feed.livehindustan.com","Hindi","District","RESTRICTED","https://livehindustan.com/terms-of-use","Bars automated collection"
"Hindustan-Jaunpur","https://feed.livehindustan.com/rss/5042","feed.livehindustan.com","Hindi","District","RESTRICTED","https://livehindustan.com/terms-of-use","Bars automated collection"
"Hindustan-Siddharth Nagar","https://feed.livehindustan.com/rss/5051","feed.livehindustan.com","Hindi","District","RESTRICTED","https://livehindustan.com/terms-of-use","Bars automated collection"
"Hindustan-Agra","https://feed.livehindustan.com/rss/5033","feed.livehindustan.com","Hindi","District","RESTRICTED","https://livehindustan.com/terms-of-use","Bars automated collection"
"Hindustan-Deoria","https://feed.livehindustan.com/rss/5047","feed.livehindustan.com","Hindi","District","RESTRICTED","https://livehindustan.com/terms-of-use","Bars automated collection"
"Hindustan-Sant Kabir Nagar","https://feed.livehindustan.com/rss/5050","feed.livehindustan.com","Hindi","District","RESTRICTED","https://livehindustan.com/terms-of-use","Bars automated collection"
"Hindustan-Aligarh","https://feed.livehindustan.com/rss/5035","feed.livehindustan.com","Hindi","District","RESTRICTED","https://livehindustan.com/terms-of-use","Bars automated collection"
"Hindustan-Mirzapur","https://feed.livehindustan.com/rss/5044","feed.livehindustan.com","Hindi","District","RESTRICTED","https://livehindustan.com/terms-of-use","Bars automated collection"
"Hindustan-Kanpur","https://feed.livehindustan.com/rss/5034","feed.livehindustan.com","Hindi","District","RESTRICTED","https://livehindustan.com/terms-of-use","Bars automated collection"
"Hindustan-Prayagraj","https://feed.livehindustan.com/rss/11373","feed.livehindustan.com","Hindi","District","RESTRICTED","https://livehindustan.com/terms-of-use","Bars automated collection"
"Hindustan-Shamli","https://feed.livehindustan.com/rss/1237906","feed.livehindustan.com","Hindi","District","RESTRICTED","https://livehindustan.com/terms-of-use","Bars automated collection"
"Hindustan-Bagpat","https://feed.livehindustan.com/rss/5052","feed.livehindustan.com","Hindi","District","RESTRICTED","https://livehindustan.com/terms-of-use","Bars automated collection"
"Hindustan-Bijnor","https://feed.livehindustan.com/rss/5053","feed.livehindustan.com","Hindi","District","RESTRICTED","https://livehindustan.com/terms-of-use","Bars automated collection"
"Hindustan-Muzaffar Nagar","https://feed.livehindustan.com/rss/5057","feed.livehindustan.com","Hindi","District","RESTRICTED","https://livehindustan.com/terms-of-use","Bars automated collection"
"Hindustan-Fatehpur","https://feed.livehindustan.com/rss/896272","feed.livehindustan.com","Hindi","District","RESTRICTED","https://livehindustan.com/terms-of-use","Bars automated collection"
"Hindustan-Gauriganj","https://feed.livehindustan.com/rss/1237908","feed.livehindustan.com","Hindi","District","RESTRICTED","https://livehindustan.com/terms-of-use","Bars automated collection"
"Hindustan-Badaun","https://feed.livehindustan.com/rss/5061","feed.livehindustan.com","Hindi","District","RESTRICTED","https://livehindustan.com/terms-of-use","Bars automated collection"
"Hindustan-Hapur","https://feed.livehindustan.com/rss/5056","feed.livehindustan.com","Hindi","District","RESTRICTED","https://livehindustan.com/terms-of-use","Bars automated collection"
"Hindustan-Shahjahanpur","https://feed.livehindustan.com/rss/5064","feed.livehindustan.com","Hindi","District","RESTRICTED","https://livehindustan.com/terms-of-use","Bars automated collection"
"Hindustan-Bahraich","https://feed.livehindustan.com/rss/5072","feed.livehindustan.com","Hindi","District","RESTRICTED","https://livehindustan.com/terms-of-use","Bars automated collection"
"Hindustan-Raebareli","https://feed.livehindustan.com/rss/5075","feed.livehindustan.com","Hindi","District","RESTRICTED","https://livehindustan.com/terms-of-use","Bars automated collection"
"Hindustan-Pilibhit","https://feed.livehindustan.com/rss/5063","feed.livehindustan.com","Hindi","District","RESTRICTED","https://livehindustan.com/terms-of-use","Bars automated collection"
"Hindustan-Saharanpur","https://feed.livehindustan.com/rss/5058","feed.livehindustan.com","Hindi","District","RESTRICTED","https://livehindustan.com/terms-of-use","Bars automated collection"
"Hindustan-Gonda","https://feed.livehindustan.com/rss/5074","feed.livehindustan.com","Hindi","District","RESTRICTED","https://livehindustan.com/terms-of-use","Bars automated collection"
"Hindustan-Shravasti","https://feed.livehindustan.com/rss/1237909","feed.livehindustan.com","Hindi","District","RESTRICTED","https://livehindustan.com/terms-of-use","Bars automated collection"
"Hindustan-Mainpuri","https://feed.livehindustan.com/rss/5067","feed.livehindustan.com","Hindi","District","RESTRICTED","https://livehindustan.com/terms-of-use","Bars automated collection"
"Hindustan-Faizabad","https://feed.livehindustan.com/rss/5073","feed.livehindustan.com","Hindi","District","RESTRICTED","https://livehindustan.com/terms-of-use","Bars automated collection"
"Hindustan-Mathura","https://feed.livehindustan.com/rss/5068","feed.livehindustan.com","Hindi","District","RESTRICTED","https://livehindustan.com/terms-of-use","Bars automated collection"
"Hindustan-Firozabad","https://feed.livehindustan.com/rss/5066","feed.livehindustan.com","Hindi","District","RESTRICTED","https://livehindustan.com/terms-of-use","Bars automated collection"
"Hindustan-Amethi","https://feed.livehindustan.com/rss/1237907","feed.livehindustan.com","Hindi","District","RESTRICTED","https://livehindustan.com/terms-of-use","Bars automated collection"
"Hindustan-Lakhimpur Kheri","https://feed.livehindustan.com/rss/5062","feed.livehindustan.com","Hindi","District","RESTRICTED","https://livehindustan.com/terms-of-use","Bars automated collection"
"Hindustan-Etah","https://feed.livehindustan.com/rss/5065","feed.livehindustan.com","Hindi","District","RESTRICTED","https://livehindustan.com/terms-of-use","Bars automated collection"
"Hindustan-Bulandshahr","https://feed.livehindustan.com/rss/5054","feed.livehindustan.com","Hindi","District","RESTRICTED","https://livehindustan.com/terms-of-use","Bars automated collection"
"Hindustan-Balrampur","https://feed.livehindustan.com/rss/5070","feed.livehindustan.com","Hindi","District","RESTRICTED","https://livehindustan.com/terms-of-use","Bars automated collection"
"Hindustan-Ambedkar Nagar","https://feed.livehindustan.com/rss/5069","feed.livehindustan.com","Hindi","District","RESTRICTED","https://livehindustan.com/terms-of-use","Bars automated collection"
"Hindustan-Sitapur","https://feed.livehindustan.com/rss/5076","feed.livehindustan.com","Hindi","District","RESTRICTED","https://livehindustan.com/terms-of-use","Bars automated collection"
"Hindustan-Billhor","https://feed.livehindustan.com/rss/1237931","feed.livehindustan.com","Hindi","District","RESTRICTED","https://livehindustan.com/terms-of-use","Bars automated collection"
"Hindustan-Auraiya","https://feed.livehindustan.com/rss/5078","feed.livehindustan.com","Hindi","District","RESTRICTED","https://livehindustan.com/terms-of-use","Bars automated collection"
"Hindustan-Sultanpur","https://feed.livehindustan.com/rss/5077","feed.livehindustan.com","Hindi","District","RESTRICTED","https://livehindustan.com/terms-of-use","Bars automated collection"
"Hindustan-Chitrakoot","https://feed.livehindustan.com/rss/1238035","feed.livehindustan.com","Hindi","District","RESTRICTED","https://livehindustan.com/terms-of-use","Bars automated collection"
"Hindustan-Mahoba","https://feed.livehindustan.com/rss/1238011","feed.livehindustan.com","Hindi","District","RESTRICTED","https://livehindustan.com/terms-of-use","Bars automated collection"
"Hindustan-Hamirpur","https://feed.livehindustan.com/rss/5082","feed.livehindustan.com","Hindi","District","RESTRICTED","https://livehindustan.com/terms-of-use","Bars automated collection"
"Hindustan-Banda","https://feed.livehindustan.com/rss/5079","feed.livehindustan.com","Hindi","District","RESTRICTED","https://livehindustan.com/terms-of-use","Bars automated collection"
"Hindustan-Kanpur Rural","https://feed.livehindustan.com/rss/1238022","feed.livehindustan.com","Hindi","District","RESTRICTED","https://livehindustan.com/terms-of-use","Bars automated collection"
"Hindustan-Jhansi","https://feed.livehindustan.com/rss/5084","feed.livehindustan.com","Hindi","District","RESTRICTED","https://livehindustan.com/terms-of-use","Bars automated collection"
"Hindustan-Akbarpur","https://feed.livehindustan.com/rss/1237918","feed.livehindustan.com","Hindi","District","RESTRICTED","https://livehindustan.com/terms-of-use","Bars automated collection"
"Hindustan-Gangapar","https://feed.livehindustan.com/rss/1238042","feed.livehindustan.com","Hindi","District","RESTRICTED","https://livehindustan.com/terms-of-use","Bars automated collection"
"Hindustan-Hathras","https://feed.livehindustan.com/rss/5088","feed.livehindustan.com","Hindi","District","RESTRICTED","https://livehindustan.com/terms-of-use","Bars automated collection"
"Hindustan-Etawah","https://feed.livehindustan.com/rss/5080","feed.livehindustan.com","Hindi","District","RESTRICTED","https://livehindustan.com/terms-of-use","Bars automated collection"
"Hindustan-Hardoi","https://feed.livehindustan.com/rss/5083","feed.livehindustan.com","Hindi","District","RESTRICTED","https://livehindustan.com/terms-of-use","Bars automated collection"
"Hindustan-Kannauj","https://feed.livehindustan.com/rss/896320","feed.livehindustan.com","Hindi","District","RESTRICTED","https://livehindustan.com/terms-of-use","Bars automated collection"
"Hindustan-Sambhal","https://feed.livehindustan.com/rss/5092","feed.livehindustan.com","Hindi","District","RESTRICTED","https://livehindustan.com/terms-of-use","Bars automated collection"
"Hindustan-Farrukhabad","https://feed.livehindustan.com/rss/5081","feed.livehindustan.com","Hindi","District","RESTRICTED","https://livehindustan.com/terms-of-use","Bars automated collection"
"Hindustan-Rampur","https://feed.livehindustan.com/rss/5091","feed.livehindustan.com","Hindi","District","RESTRICTED","https://livehindustan.com/terms-of-use","Bars automated collection"
"Hindustan-Unnao","https://feed.livehindustan.com/rss/5087","feed.livehindustan.com","Hindi","District","RESTRICTED","https://livehindustan.com/terms-of-use","Bars automated collection"
"Hindustan-Orai","https://feed.livehindustan.com/rss/5085","feed.livehindustan.com","Hindi","AC","RESTRICTED","https://livehindustan.com/terms-of-use","Bars automated collection"
"Hindustan-Pratapgarh - Kunda","https://feed.livehindustan.com/rss/1238044","feed.livehindustan.com","Hindi","AC","RESTRICTED","https://livehindustan.com/terms-of-use","Bars automated collection"
"Hindustan-Amroha","https://feed.livehindustan.com/rss/5090","feed.livehindustan.com","Hindi","District","RESTRICTED","https://livehindustan.com/terms-of-use","Bars automated collection"
"Hindustan-Kaushambi","https://feed.livehindustan.com/rss/1238043","feed.livehindustan.com","Hindi","District","RESTRICTED","https://livehindustan.com/terms-of-use","Bars automated collection"
"Hindustan-Lalitpur","https://feed.livehindustan.com/rss/1238008","feed.livehindustan.com","Hindi","District","RESTRICTED","https://livehindustan.com/terms-of-use","Bars automated collection"
"Patrika Fatehpur","https://cms.patrika.com/blog/location/fatehpur-news/feed/","cms.patrika.com","Hindi","District","OK","https://www.patrika.com/terms","No restrictive language found"
"Patrika Mainpuri","https://cms.patrika.com/blog/location/mainpuri-news/feed/","cms.patrika.com","Hindi","District","OK","https://www.patrika.com/terms","No restrictive language found"
"Patrika Agra","https://cms.patrika.com/blog/location/agra-news/feed/","cms.patrika.com","Hindi","District","OK","https://www.patrika.com/terms","No restrictive language found"
"Patrika Uttar Pradesh","https://cms.patrika.com/blog/location/uttar-pradesh-news/feed/","cms.patrika.com","Hindi","State","OK","https://www.patrika.com/terms","No restrictive language found"
"Patrika Kasganj","https://cms.patrika.com/blog/location/kasganj-news/feed/","cms.patrika.com","Hindi","District","OK","https://www.patrika.com/terms","No restrictive language found"
"Patrika Sant Kabir Nagar","https://cms.patrika.com/blog/location/sant-kabir-nagar-news/feed/","cms.patrika.com","Hindi","District","OK","https://www.patrika.com/terms","No restrictive language found"
"Patrika Etah","https://cms.patrika.com/blog/location/etah-news/feed/","cms.patrika.com","Hindi","District","OK","https://www.patrika.com/terms","No restrictive language found"
"Patrika Basti","https://cms.patrika.com/blog/location/basti-news/feed/","cms.patrika.com","Hindi","District","OK","https://www.patrika.com/terms","No restrictive language found"
"Patrika Sidharthnagar","https://cms.patrika.com/blog/location/sidharthnagar-news/feed/","cms.patrika.com","Hindi","District","OK","https://www.patrika.com/terms","No restrictive language found"
"Patrika Ballia","https://cms.patrika.com/blog/location/ballia-news/feed/","cms.patrika.com","Hindi","District","OK","https://www.patrika.com/terms","No restrictive language found"
"Patrika Aligarh","https://cms.patrika.com/blog/location/aligarh-news/feed/","cms.patrika.com","Hindi","District","OK","https://www.patrika.com/terms","No restrictive language found"
"Patrika Azamgarh","https://cms.patrika.com/blog/location/azamgarh-news/feed/","cms.patrika.com","Hindi","District","OK","https://www.patrika.com/terms","No restrictive language found"
"Patrika Mau","https://cms.patrika.com/blog/location/mau-news/feed/","cms.patrika.com","Hindi","District","OK","https://www.patrika.com/terms","No restrictive language found"
"Patrika Mathura","https://cms.patrika.com/blog/location/mathura-news/feed/","cms.patrika.com","Hindi","District","OK","https://www.patrika.com/terms","No restrictive language found"
"Patrika Kaushambi","https://cms.patrika.com/blog/location/kaushambi-news/feed/","cms.patrika.com","Hindi","District","OK","https://www.patrika.com/terms","No restrictive language found"
"Patrika Pratapgarh","https://cms.patrika.com/blog/location/pratapgarh-up-news/feed/","cms.patrika.com","Hindi","District","OK","https://www.patrika.com/terms","No restrictive language found"
"Patrika Budaun","https://cms.patrika.com/blog/location/budaun-news/feed/","cms.patrika.com","Hindi","District","OK","https://www.patrika.com/terms","No restrictive language found"
"Patrika Prayagraj","https://cms.patrika.com/blog/location/prayagraj/feed/","cms.patrika.com","Hindi","District","OK","https://www.patrika.com/terms","No restrictive language found"
"Patrika Pilibhit","https://cms.patrika.com/blog/location/pilibhit-news/feed/","cms.patrika.com","Hindi","District","OK","https://www.patrika.com/terms","No restrictive language found"
"Patrika Firozabad","https://cms.patrika.com/blog/location/firozabad-news/feed/","cms.patrika.com","Hindi","District","OK","https://www.patrika.com/terms","No restrictive language found"
"Patrika Bareilly","https://cms.patrika.com/blog/location/bareilly-news/feed/","cms.patrika.com","Hindi","District","OK","https://www.patrika.com/terms","No restrictive language found"
"Patrika Banda","https://cms.patrika.com/blog/location/banda-news/feed/","cms.patrika.com","Hindi","District","OK","https://www.patrika.com/terms","No restrictive language found"
"Patrika Shahjahanpur","https://cms.patrika.com/blog/location/shahjahanpur-news/feed/","cms.patrika.com","Hindi","District","OK","https://www.patrika.com/terms","No restrictive language found"
"Patrika Etawah","https://cms.patrika.com/blog/location/etawah-news/feed/","cms.patrika.com","Hindi","District","OK","https://www.patrika.com/terms","No restrictive language found"
"Patrika Hathras","https://cms.patrika.com/blog/location/hathras-news/feed/","cms.patrika.com","Hindi","District","OK","https://www.patrika.com/terms","No restrictive language found"
"Patrika Sultanpur","https://cms.patrika.com/blog/location/sultanpur-news/feed/","cms.patrika.com","Hindi","District","OK","https://www.patrika.com/terms","No restrictive language found"
"Patrika Faizabad","https://cms.patrika.com/blog/location/faizabad-news/feed/","cms.patrika.com","Hindi","District","OK","https://www.patrika.com/terms","No restrictive language found"
"Patrika Balrampur","https://cms.patrika.com/blog/location/balrampur-up-news/feed/","cms.patrika.com","Hindi","District","OK","https://www.patrika.com/terms","No restrictive language found"
"Patrika Mahrajganj","https://cms.patrika.com/blog/location/mahrajganj-news/feed/","cms.patrika.com","Hindi","District","OK","https://www.patrika.com/terms","No restrictive language found"
"Patrika Kanpur","https://cms.patrika.com/blog/location/kanpur-news/feed/","cms.patrika.com","Hindi","District","OK","https://www.patrika.com/terms","No restrictive language found"
"Patrika Jalaun","https://cms.patrika.com/blog/location/jalaun-news/feed/","cms.patrika.com","Hindi","District","OK","https://www.patrika.com/terms","No restrictive language found"
"Patrika Lalitpur","https://cms.patrika.com/blog/location/lalitpur-news/feed/","cms.patrika.com","Hindi","District","OK","https://www.patrika.com/terms","No restrictive language found"
"Patrika Chitrakoot","https://cms.patrika.com/blog/location/chitrakoot-news/feed/","cms.patrika.com","Hindi","District","OK","https://www.patrika.com/terms","No restrictive language found"
"Patrika Kushinagar","https://cms.patrika.com/blog/location/kushinagar-news/feed/","cms.patrika.com","Hindi","District","OK","https://www.patrika.com/terms","No restrictive language found"
"Patrika Barabanki","https://cms.patrika.com/blog/location/barabanki-news/feed/","cms.patrika.com","Hindi","District","OK","https://www.patrika.com/terms","No restrictive language found"
"Patrika Farrukhabad","https://cms.patrika.com/blog/location/farrukhabad-news/feed/","cms.patrika.com","Hindi","District","OK","https://www.patrika.com/terms","No restrictive language found"
"Patrika Jhansi","https://cms.patrika.com/blog/location/jhansi-news/feed/","cms.patrika.com","Hindi","District","OK","https://www.patrika.com/terms","No restrictive language found"
"Patrika Kannauj","https://cms.patrika.com/blog/location/kannauj-news/feed/","cms.patrika.com","Hindi","District","OK","https://www.patrika.com/terms","No restrictive language found"
"Patrika Auraiya","https://cms.patrika.com/blog/location/auraiya-news/feed/","cms.patrika.com","Hindi","District","OK","https://www.patrika.com/terms","No restrictive language found"
"Patrika Bahraich","https://cms.patrika.com/blog/location/bahraich-news/feed/","cms.patrika.com","Hindi","District","OK","https://www.patrika.com/terms","No restrictive language found"
"Patrika Amethi","https://cms.patrika.com/blog/location/amethi-news/feed/","cms.patrika.com","Hindi","District","OK","https://www.patrika.com/terms","No restrictive language found"
"Patrika Hardoi","https://cms.patrika.com/blog/location/hardoi-news/feed/","cms.patrika.com","Hindi","District","OK","https://www.patrika.com/terms","No restrictive language found"
"Patrika Ambedkar Nagar","https://cms.patrika.com/blog/location/ambedkar-nagar-news/feed/","cms.patrika.com","Hindi","District","OK","https://www.patrika.com/terms","No restrictive language found"
"Patrika Mahoba","https://cms.patrika.com/blog/location/mahoba-news/feed/","cms.patrika.com","Hindi","District","OK","https://www.patrika.com/terms","No restrictive language found"
"Patrika Deoria","https://cms.patrika.com/blog/location/deoria-news/feed/","cms.patrika.com","Hindi","District","OK","https://www.patrika.com/terms","No restrictive language found"
"Patrika Shravasti","https://cms.patrika.com/blog/location/shravasti-news/feed/","cms.patrika.com","Hindi","District","OK","https://www.patrika.com/terms","No restrictive language found"
"Patrika Gonda","https://cms.patrika.com/blog/location/gonda-news/feed/","cms.patrika.com","Hindi","District","OK","https://www.patrika.com/terms","No restrictive language found"
"Patrika Gorakhpur","https://cms.patrika.com/blog/location/gorakhpur-news/feed/","cms.patrika.com","Hindi","District","OK","https://www.patrika.com/terms","No restrictive language found"
"Patrika Ayodhya","https://cms.patrika.com/blog/location/ayodhya-news/feed/","cms.patrika.com","Hindi","District","OK","https://www.patrika.com/terms","No restrictive language found"
"Patrika Hamirpur","https://cms.patrika.com/blog/location/hamirpur-news/feed/","cms.patrika.com","Hindi","District","OK","https://www.patrika.com/terms","No restrictive language found"
"Patrika Bulandshahr","https://cms.patrika.com/blog/location/bulandshahr-news/feed/","cms.patrika.com","Hindi","District","OK","https://www.patrika.com/terms","No restrictive language found"
"Patrika Chandauli","https://cms.patrika.com/blog/location/chandauli-news/feed/","cms.patrika.com","Hindi","District","OK","https://www.patrika.com/terms","No restrictive language found"
"Patrika Mirzapur","https://cms.patrika.com/blog/location/mirzapur-news/feed/","cms.patrika.com","Hindi","District","OK","https://www.patrika.com/terms","No restrictive language found"
"Patrika Amroha","https://cms.patrika.com/blog/location/amroha-news/feed/","cms.patrika.com","Hindi","District","OK","https://www.patrika.com/terms","No restrictive language found"
"Patrika Sitapur","https://cms.patrika.com/blog/location/sitapur-news/feed/","cms.patrika.com","Hindi","District","OK","https://www.patrika.com/terms","No restrictive language found"
"Patrika Shamli","https://cms.patrika.com/blog/location/shamli-news/feed/","cms.patrika.com","Hindi","District","OK","https://www.patrika.com/terms","No restrictive language found"
"Patrika Lakhimpur Kheri","https://cms.patrika.com/blog/location/lakhimpur-kheri-news/feed/","cms.patrika.com","Hindi","District","OK","https://www.patrika.com/terms","No restrictive language found"
"Patrika Meerut","https://cms.patrika.com/blog/location/meerut-news/feed/","cms.patrika.com","Hindi","District","OK","https://www.patrika.com/terms","No restrictive language found"
"Patrika Bijnor","https://cms.patrika.com/blog/location/bijnor-news/feed/","cms.patrika.com","Hindi","District","OK","https://www.patrika.com/terms","No restrictive language found"
"Patrika Hapur","https://cms.patrika.com/blog/location/hapur-news/feed/","cms.patrika.com","Hindi","District","OK","https://www.patrika.com/terms","No restrictive language found"
"Patrika Sonbhadra","https://cms.patrika.com/blog/location/sonbhadra-news/feed/","cms.patrika.com","Hindi","District","OK","https://www.patrika.com/terms","No restrictive language found"
"Patrika Bhadohi","https://cms.patrika.com/blog/location/bhadohi-news/feed/","cms.patrika.com","Hindi","District","OK","https://www.patrika.com/terms","No restrictive language found"
"Patrika Greater Noida","https://cms.patrika.com/blog/location/greater-noida-news/feed/","cms.patrika.com","Hindi","District","OK","https://www.patrika.com/terms","No restrictive language found"
"Patrika Saharanpur","https://cms.patrika.com/blog/location/saharanpur-news/feed/","cms.patrika.com","Hindi","District","OK","https://www.patrika.com/terms","No restrictive language found"
"Patrika Raebareli","https://cms.patrika.com/blog/location/raebareli-news/feed/","cms.patrika.com","Hindi","District","OK","https://www.patrika.com/terms","No restrictive language found"
"Patrika Lucknow","https://cms.patrika.com/blog/location/lucknow-news/feed/","cms.patrika.com","Hindi","District","OK","https://www.patrika.com/terms","No restrictive language found"
"Patrika Rampur","https://cms.patrika.com/blog/location/rampur-news/feed/","cms.patrika.com","Hindi","District","OK","https://www.patrika.com/terms","No restrictive language found"
"Patrika Ghazipur","https://cms.patrika.com/blog/location/ghazipur-news/feed/","cms.patrika.com","Hindi","District","OK","https://www.patrika.com/terms","No restrictive language found"
"Patrika Noida","https://cms.patrika.com/blog/location/noida-news/feed/","cms.patrika.com","Hindi","District","OK","https://www.patrika.com/terms","No restrictive language found"
"Patrika Unnao","https://cms.patrika.com/blog/location/unnao-news/feed/","cms.patrika.com","Hindi","District","OK","https://www.patrika.com/terms","No restrictive language found"
"Patrika Bagpat","https://cms.patrika.com/blog/location/bagpat-news/feed/","cms.patrika.com","Hindi","District","OK","https://www.patrika.com/terms","No restrictive language found"
"Patrika Muzaffarnagar","https://cms.patrika.com/blog/location/muzaffarnagar-news/feed/","cms.patrika.com","Hindi","District","OK","https://www.patrika.com/terms","No restrictive language found"
"Patrika Sambhal","https://cms.patrika.com/blog/location/sambhal-news/feed/","cms.patrika.com","Hindi","District","OK","https://www.patrika.com/terms","No restrictive language found"
"Patrika Ghaziabad","https://cms.patrika.com/blog/location/ghaziabad-news/feed/","cms.patrika.com","Hindi","District","OK","https://www.patrika.com/terms","No restrictive language found"
"Patrika Moradabad","https://cms.patrika.com/blog/location/moradabad-news/feed/","cms.patrika.com","Hindi","District","OK","https://www.patrika.com/terms","No restrictive language found"
"Times Of India","https://timesofindia.indiatimes.com/rssfeeds/-2128819658.cms","timesofindia.indiatimes.com","English","State","RESTRICTED","https://timesofindia.indiatimes.com/termsandcondition.cms","Bars automated collection"
"Nav Bharat Times Bijnor","https://navbharattimes.indiatimes.com/rssfeedsdefault.cms","navbharattimes.indiatimes.com","Hindi","District","UNKNOWN","","Feed unreachable/invalid. Domain not pre-checked"
"Patrika Varanasi","https://cms.patrika.com/blog/location/varanasi-news/feed/","cms.patrika.com","Hindi","District","OK","https://www.patrika.com/terms","No restrictive language found"
"Dainik Bhaskar","https://www.bhaskar.com/rss-v1--category-2052.xml","www.bhaskar.com","Hindi","State","RESTRICTED","https://www.bhaskar.com/terms-and-conditions","Bars automated collection per prompt"
"JMD news","https://jmdnewsflash.com/feed/","jmdnewsflash.com","Hindi","Zone","OK","https://jmdnewsflash.com/tou","No restrictive language found"
"Patrika Jaunpur","https://cms.patrika.com/blog/location/jaunpur-news/feed/","cms.patrika.com","Hindi","District","OK","https://www.patrika.com/terms","No restrictive language found"
